{
  "best_global_step": null,
  "best_metric": null,
  "best_model_checkpoint": null,
  "epoch": 1.0,
  "eval_steps": 500,
  "global_step": 5,
  "is_hyper_param_search": false,
  "is_local_process_zero": true,
  "is_world_process_zero": true,
  "log_history": [
    {
      "epoch": 0.2,
      "grad_norm": 84.28022003173828,
      "learning_rate": 1e-08,
      "loss": 10.7216,
      "step": 1
    },
    {
      "epoch": 0.4,
      "grad_norm": 120.82965850830078,
      "learning_rate": 8e-09,
      "loss": 8.0486,
      "step": 2
    },
    {
      "epoch": 0.6,
      "grad_norm": 151.45252990722656,
      "learning_rate": 6e-09,
      "loss": 10.7272,
      "step": 3
    },
    {
      "epoch": 0.8,
      "grad_norm": 40.1990966796875,
      "learning_rate": 4e-09,
      "loss": 7.2095,
      "step": 4
    },
    {
      "epoch": 1.0,
      "grad_norm": 51.91827392578125,
      "learning_rate": 2e-09,
      "loss": 8.2264,
      "step": 5
    }
  ],
  "logging_steps": 1,
  "max_steps": 5,
  "num_input_tokens_seen": 0,
  "num_train_epochs": 1,
  "save_steps": 50,
  "stateful_callbacks": {
    "TrainerControl": {
      "args": {
        "should_epoch_stop": false,
        "should_evaluate": false,
        "should_log": false,
        "should_save": true,
        "should_training_stop": true
      },
      "attributes": {}
    }
  },
  "total_flos": 604781194752.0,
  "train_batch_size": 1,
  "trial_name": null,
  "trial_params": null
}
